[
  {
    "name": "Select Your City",
    "url": "https://www.frisqoo.com/p/diesel-price-in-west-bengal.html"
  },
  {
    "name": "Alipurduar",
    "url": "https://www.frisqoo.com/p/diesel-price-in-alipurduar.html"
  },
  {
    "name": "Bankura",
    "url": "https://www.frisqoo.com/p/diesel-price-in-bankura.html"
  },
  {
    "name": "Birbhum",
    "url": "https://www.frisqoo.com/p/diesel-price-in-birbhum.html"
  },
  {
    "name": "Cooch Bihar",
    "url": "https://www.frisqoo.com/p/diesel-price-in-cooch-bihar.html"
  },
  {
    "name": "Dakshin Dinajpur",
    "url": "https://www.frisqoo.com/p/diesel-price-in-dakshin-dinajpur.html"
  },
  {
    "name": "Darjeeling",
    "url": "https://www.frisqoo.com/p/diesel-price-in-darjeeling.html"
  },
  {
    "name": "Hooghly",
    "url": "https://www.frisqoo.com/p/diesel-price-in-hooghly.html"
  },
  {
    "name": "Howrah",
    "url": "https://www.frisqoo.com/p/diesel-price-in-howrah.html"
  },
  {
    "name": "Jalpaiguri",
    "url": "https://www.frisqoo.com/p/diesel-price-in-jalpaiguri.html"
  },
  {
    "name": "Jhargram",
    "url": "https://www.frisqoo.com/p/diesel-price-in-jhargram.html"
  },
  {
    "name": "Kalimpong",
    "url": "https://www.frisqoo.com/p/diesel-price-in-kalimpong.html"
  },
  {
    "name": "Kolkata",
    "url": "https://www.frisqoo.com/p/diesel-price-in-kolkata.html"
  },
  {
    "name": "Malda",
    "url": "https://www.frisqoo.com/p/diesel-price-in-malda.html"
  },
  {
    "name": "Murshidabad",
    "url": "https://www.frisqoo.com/p/diesel-price-in-murshidabad.html"
  },
  {
    "name": "Nadia",
    "url": "https://www.frisqoo.com/p/diesel-price-in-nadia.html"
  },
  {
    "name": "North 24 Parganas",
    "url": "https://www.frisqoo.com/p/diesel-price-in-north-24-parganas.html"
  },
  {
    "name": "Paschim Bardhaman",
    "url": "https://www.frisqoo.com/p/diesel-price-in-paschim-bardhaman.html"
  },
  {
    "name": "Paschim Medinipur",
    "url": "https://www.frisqoo.com/p/diesel-price-in-paschim-medinipur.html"
  },
  {
    "name": "Purba Bardhaman",
    "url": "https://www.frisqoo.com/p/diesel-price-in-purba-bardhaman.html"
  },
  {
    "name": "Purba Medinipur",
    "url": "https://www.frisqoo.com/p/diesel-price-in-purba-medinipur.html"
  },
  {
    "name": "Purulia",
    "url": "https://www.frisqoo.com/p/diesel-price-in-purulia.html"
  },
  {
    "name": "South 24 Parganas",
    "url": "https://www.frisqoo.com/p/diesel-price-in-south-24-parganas.html"
  },
  {
    "name": "Uttar Dinajpur",
    "url": "https://www.frisqoo.com/p/diesel-price-in-uttar-dinajpur.html"
  }
]
