[
  {
    "name": "Select Your State",
    "url": "https://www.frisqoo.com/p/petrol-price-in-india.html"
  },
  {
    "name": "Andaman & Nicobar",
    "url": "https://www.frisqoo.com/p/petrol-price-in-andaman-nicobar.html"
  },
  {
    "name": "Andhra Pradesh",
    "url": "https://www.frisqoo.com/p/petrol-price-in-andhra-pradesh.html"
  },
  {
    "name": "Arunachal Pradesh",
    "url": "https://www.frisqoo.com/p/petrol-price-in-arunachal-pradesh.html"
  },
  {
    "name": "Assam",
    "url": "https://www.frisqoo.com/p/petrol-price-in-assam.html"
  },
  {
    "name": "Bihar",
    "url": "https://www.frisqoo.com/p/petrol-price-in-bihar.html"
  },
  {
    "name": "Chandigarh",
    "url": "https://www.frisqoo.com/p/petrol-price-in-chandigarh.html"
  },
  {
    "name": "Chhattisgarh",
    "url": "https://www.frisqoo.com/p/petrol-price-in-chhattisgarh.html"
  },
  {
    "name": "Dadra and Nagar Haveli and Daman and Diu",
    "url": "https://www.frisqoo.com/p/petrol-price-in-dadra-nagar-haveli.html"
  },
  {
    "name": "Delhi",
    "url": "https://www.frisqoo.com/p/petrol-price-in-delhi.html"
  },
  {
    "name": "Goa",
    "url": "https://www.frisqoo.com/p/petrol-price-in-goa.html"
  },
  {
    "name": "Gujarat",
    "url": "https://www.frisqoo.com/p/petrol-price-in-gujarat.html"
  },
  {
    "name": "Haryana",
    "url": "https://www.frisqoo.com/p/petrol-price-in-haryana.html"
  },
  {
    "name": "Himachal Pradesh",
    "url": "https://www.frisqoo.com/p/petrol-price-in-himachal-pradesh.html"
  },
  {
    "name": "Jammu & Kashmir",
    "url": "https://www.frisqoo.com/p/petrol-price-in-jammu-kashmir.html"
  },
  {
    "name": "Jharkhand",
    "url": "https://www.frisqoo.com/p/petrol-price-in-jharkhand.html"
  },
  {
    "name": "Karnataka",
    "url": "https://www.frisqoo.com/p/petrol-price-in-karnataka.html"
  },
  {
    "name": "Kerala",
    "url": "https://www.frisqoo.com/p/petrol-price-in-kerala.html"
  },
  {
    "name": "Ladakh",
    "url": "https://www.frisqoo.com/p/petrol-price-in-ladakh.html"
  },
  {
    "name": "Lakshadweep",
    "url": "https://www.frisqoo.com/p/petrol-price-in-lakshadweep.html"
  },
  {
    "name": "Madhya Pradesh",
    "url": "https://www.frisqoo.com/p/petrol-price-in-madhya-pradesh.html"
  },
  {
    "name": "Maharashtra",
    "url": "https://www.frisqoo.com/p/petrol-price-in-maharashtra.html"
  },
  {
    "name": "Manipur",
    "url": "https://www.frisqoo.com/p/petrol-price-in-manipur.html"
  },
  {
    "name": "Meghalaya",
    "url": "https://www.frisqoo.com/p/petrol-price-in-meghalaya.html"
  },
  {
    "name": "Mizoram",
    "url": "https://www.frisqoo.com/p/petrol-price-in-mizoram.html"
  },
  {
    "name": "Nagaland",
    "url": "https://www.frisqoo.com/p/petrol-price-in-nagaland.html"
  },
  {
    "name": "Odisha",
    "url": "https://www.frisqoo.com/p/petrol-price-in-odisha.html"
  },
  {
    "name": "Pondicherry",
    "url": "https://www.frisqoo.com/p/petrol-price-in-pondicherry.html"
  },
  {
    "name": "Punjab",
    "url": "https://www.frisqoo.com/p/petrol-price-in-punjab.html"
  },
  {
    "name": "Rajasthan",
    "url": "https://www.frisqoo.com/p/petrol-price-in-rajasthan.html"
  },
  {
    "name": "Sikkim",
    "url": "https://www.frisqoo.com/p/petrol-price-in-sikkim.html"
  },
  {
    "name": "Tamil Nadu",
    "url": "https://www.frisqoo.com/p/petrol-price-in-tamil-nadu.html"
  },
  {
    "name": "Telangana",
    "url": "https://www.frisqoo.com/p/p/petrol-price-in-telangana.html"
  },
  {
    "name": "Tripura",
    "url": "https://www.frisqoo.com/p/petrol-price-in-tripura.html"
  },
  {
    "name": "Uttar Pradesh",
    "url": "https://www.frisqoo.com/p/petrol-price-in-uttar-pradesh.html"
  },
  {
    "name": "Uttarakhand",
    "url": "https://www.frisqoo.com/p/petrol-price-in-uttarakhand.html"
  },
  {
    "name": "West Bengal",
    "url": "https://www.frisqoo.com/p/petrol-price-in-west-bengal.html"
  }
]
